TP,TN,FP,FN,acc,error,precision,recall,TP_rate,FP_rate,specificity,F1_score,wrong_prediction
421,153,7,6,0.9778534923339012,0.022146507666098807,0.9836448598130841,0.9859484777517564,0.9859484777517564,0.04375,0.95625,0.9847953216374269,13
422,150,6,9,0.9744463373083475,0.02555366269165247,0.985981308411215,0.9791183294663574,0.9791183294663574,0.038461538461538464,0.9615384615384616,0.9825378346915018,15
